Workbook
Name Slicer_GENDER_LABEL: #N/A

Sheet Demographic
A1: SEQN | B1: GENDER | C1: AGE | D1: GENDER_LABEL | E1: =MEDIAN(C:C) -> 31 | F1: AGE_CLEANED | G1: BMI_CLEANED | H1: CHOLESTEROL_CLEANED
A2: 93703 | B2: 2 | C2: 2 | D2: =IF(B2=1,"Male",IF(B2=2,"Female","Unknown")) -> Female | F2: =IF(C2<1, $E$1, C2) -> 2 | G2: =_xlfn.XLOOKUP(A2, BMI!A:A, BMI!E:E, "Missing", 0) -> 17.5 | H2: =_xlfn.XLOOKUP(A2, Cholesterol!A:A, Cholesterol!E:E, "Missing", 0) -> Missing
A3: 93704 | B3: 1 | C3: 2 | D3: =IF(B3=1,"Male",IF(B3=2,"Female","Unknown")) -> Male | F3: =IF(C3<1, $E$1, C3) -> 2 | G3: =_xlfn.XLOOKUP(A3, BMI!A:A, BMI!E:E, "Missing", 0) -> 15.7 | H3: =_xlfn.XLOOKUP(A3, Cholesterol!A:A, Cholesterol!E:E, "Missing", 0) -> Missing
A4: 93705 | B4: 2 | C4: 66 | D4: =IF(B4=1,"Male",IF(B4=2,"Female","Unknown")) -> Female | F4: =IF(C4<1, $E$1, C4) -> 66 | G4: =_xlfn.XLOOKUP(A4, BMI!A:A, BMI!E:E, "Missing", 0) -> 31.7 | H4: =_xlfn.XLOOKUP(A4, Cholesterol!A:A, Cholesterol!E:E, "Missing", 0) -> 157
A5: 93706 | B5: 1 | C5: 18 | D5: =IF(B5=1,"Male",IF(B5=2,"Female","Unknown")) -> Male | F5: =IF(C5<1, $E$1, C5) -> 18 | G5: =_xlfn.XLOOKUP(A5, BMI!A:A, BMI!E:E, "Missing", 0) -> 21.5 | H5: =_xlfn.XLOOKUP(A5, Cholesterol!A:A, Cholesterol!E:E, "Missing", 0) -> 148
A6: 93707 | B6: 1 | C6: 13 | D6: =IF(B6=1,"Male",IF(B6=2,"Female","Unknown")) -> Male | F6: =IF(C6<1, $E$1, C6) -> 13 | G6: =_xlfn.XLOOKUP(A6, BMI!A:A, BMI!E:E, "Missing", 0) -> 18.1 | H6: =_xlfn.XLOOKUP(A6, Cholesterol!A:A, Cholesterol!E:E, "Missing", 0) -> 189
A7: 93708 | B7: 2 | C7: 66 | D7: =IF(B7=1,"Male",IF(B7=2,"Female","Unknown")) -> Female | F7: =IF(C7<1, $E$1, C7) -> 66 | G7: =_xlfn.XLOOKUP(A7, BMI!A:A, BMI!E:E, "Missing", 0) -> 23.7 | H7: =_xlfn.XLOOKUP(A7, Cholesterol!A:A, Cholesterol!E:E, "Missing", 0) -> 209
A8: 93709 | B8: 2 | C8: 75 | D8: =IF(B8=1,"Male",IF(B8=2,"Female","Unknown")) -> Female | F8: =IF(C8<1, $E$1, C8) -> 75 | G8: =_xlfn.XLOOKUP(A8, BMI!A:A, BMI!E:E, "Missing", 0) -> 38.9 | H8: =_xlfn.XLOOKUP(A8, Cholesterol!A:A, Cholesterol!E:E, "Missing", 0) -> 176
A9: 93710 | B9: 2 | C9: 5.3976053e-79 | D9: =IF(B9=1,"Male",IF(B9=2,"Female","Unknown")) -> Female | F9: =IF(C9<1, $E$1, C9) -> 31 | G9: =_xlfn.XLOOKUP(A9, BMI!A:A, BMI!E:E, "Missing", 0) -> 25.8 | H9: =_xlfn.XLOOKUP(A9, Cholesterol!A:A, Cholesterol!E:E, "Missing", 0) -> Missing
A10: 93711 | B10: 1 | C10: 56 | D10: =IF(B10=1,"Male",IF(B10=2,"Female","Unknown")) -> Male | F10: =IF(C10<1, $E$1, C10) -> 56 | G10: =_xlfn.XLOOKUP(A10, BMI!A:A, BMI!E:E, "Missing", 0) -> 21.3 | H10: =_xlfn.XLOOKUP(A10, Cholesterol!A:A, Cholesterol!E:E, "Missing", 0) -> 238
A11: 93712 | B11: 1 | C11: 18 | D11: =IF(B11=1,"Male",IF(B11=2,"Female","Unknown")) -> Male | F11: =IF(C11<1, $E$1, C11) -> 18 | G11: =_xlfn.XLOOKUP(A11, BMI!A:A, BMI!E:E, "Missing", 0) -> 19.7 | H11: =_xlfn.XLOOKUP(A11, Cholesterol!A:A, Cholesterol!E:E, "Missing", 0) -> 182
A12: 93713 | B12: 1 | C12: 67 | D12: =IF(B12=1,"Male",IF(B12=2,"Female","Unknown")) -> Male | F12: =IF(C12<1, $E$1, C12) -> 67 | G12: =_xlfn.XLOOKUP(A12, BMI!A:A, BMI!E:E, "Missing", 0) -> 23.5 | H12: =_xlfn.XLOOKUP(A12, Cholesterol!A:A, Cholesterol!E:E, "Missing", 0) -> 184
A13: 93714 | B13: 2 | C13: 54 | D13: =IF(B13=1,"Male",IF(B13=2,"Female","Unknown")) -> Female | F13: =IF(C13<1, $E$1, C13) -> 54 | G13: =_xlfn.XLOOKUP(A13, BMI!A:A, BMI!E:E, "Missing", 0) -> 39.9 | H13: =_xlfn.XLOOKUP(A13, Cholesterol!A:A, Cholesterol!E:E, "Missing", 0) -> 230
... A9255: 102956 | B9255: 1 | C9255: 38 | D9255: =IF(B9255=1,"Male",IF(B9255=2,"Female","Unknown")) -> Male | F9255: =IF(C9255<1, $E$1, C9255) -> 38 | G9255: =_xlfn.XLOOKUP(A9255, BMI!A:A, BMI!E:E, "Missing", 0) -> 36.1 | H9255: =_xlfn.XLOOKUP(A9255, Cholesterol!A:A, Cholesterol!E:E, "Missing", 0) -> 163

Sheet BMI
A1: SEQN | B1: BMI | C1: CHECK_BLANK | D1: =MEDIAN(B:B) -> 25.8 | E1: BMI_CLEANED
A2: 93703 | B2: 17.5 | C2: =IF(B2="","Blank","OK") -> OK | E2: =IF(B2="", $D$1, B2) -> 17.5
A3: 93704 | B3: 15.7 | C3: =IF(B3="","Blank","OK") -> OK | E3: =IF(B3="", $D$1, B3) -> 15.7
A4: 93705 | B4: 31.7 | C4: =IF(B4="","Blank","OK") -> OK | E4: =IF(B4="", $D$1, B4) -> 31.7
A5: 93706 | B5: 21.5 | C5: =IF(B5="","Blank","OK") -> OK | E5: =IF(B5="", $D$1, B5) -> 21.5
A6: 93707 | B6: 18.1 | C6: =IF(B6="","Blank","OK") -> OK | E6: =IF(B6="", $D$1, B6) -> 18.1
A7: 93708 | B7: 23.7 | C7: =IF(B7="","Blank","OK") -> OK | E7: =IF(B7="", $D$1, B7) -> 23.7
A8: 93709 | B8: 38.9 | C8: =IF(B8="","Blank","OK") -> OK | E8: =IF(B8="", $D$1, B8) -> 38.9
A9: 93710 | C9: =IF(B9="","Blank","OK") -> Blank | E9: =IF(B9="", $D$1, B9) -> 25.8
A10: 93711 | B10: 21.3 | C10: =IF(B10="","Blank","OK") -> OK | E10: =IF(B10="", $D$1, B10) -> 21.3
A11: 93712 | B11: 19.7 | C11: =IF(B11="","Blank","OK") -> OK | E11: =IF(B11="", $D$1, B11) -> 19.7
A12: 93713 | B12: 23.5 | C12: =IF(B12="","Blank","OK") -> OK | E12: =IF(B12="", $D$1, B12) -> 23.5
A13: 93714 | B13: 39.9 | C13: =IF(B13="","Blank","OK") -> OK | E13: =IF(B13="", $D$1, B13) -> 39.9
A14: 93715 | B14: 22.5 | C14: =IF(B14="","Blank","OK") -> OK | E14: =IF(B14="", $D$1, B14) -> 22.5
A15: 93716 | B15: 30.7 | C15: =IF(B15="","Blank","OK") -> OK | E15: =IF(B15="", $D$1, B15) -> 30.7
A16: 93717 | B16: 24.5 | C16: =IF(B16="","Blank","OK") -> OK | E16: =IF(B16="", $D$1, B16) -> 24.5
A17: 93718 | B17: 22 | C17: =IF(B17="","Blank","OK") -> OK | E17: =IF(B17="", $D$1, B17) -> 22
A18: 93719 | B18: 26 | C18: =IF(B18="","Blank","OK") -> OK | E18: =IF(B18="", $D$1, B18) -> 26
A19: 93720 | C19: =IF(B19="","Blank","OK") -> Blank | E19: =IF(B19="", $D$1, B19) -> 25.8
A20: 93721 | B20: 35.9 | C20: =IF(B20="","Blank","OK") -> OK | E20: =IF(B20="", $D$1, B20) -> 35.9
A21: 93722 | B21: 23.8 | C21: =IF(B21="","Blank","OK") -> OK | E21: =IF(B21="", $D$1, B21) -> 23.8
A22: 93723 | B22: 22.4 | C22: =IF(B22="","Blank","OK") -> OK | E22: =IF(B22="", $D$1, B22) -> 22.4
A23: 93724 | B23: 14.7 | C23: =IF(B23="","Blank","OK") -> OK | E23: =IF(B23="", $D$1, B23) -> 14.7
A24: 93725 | B24: 16.1 | C24: =IF(B24="","Blank","OK") -> OK | E24: =IF(B24="", $D$1, B24) -> 16.1
A25: 93726 | B25: 31.1 | C25: =IF(B25="","Blank","OK") -> OK | E25: =IF(B25="", $D$1, B25) -> 31.1
A26: 93727 | B26: 23.9 | C26: =IF(B26="","Blank","OK") -> OK | E26: =IF(B26="", $D$1, B26) -> 23.9
A27: 93728 | B27: 33.4 | C27: =IF(B27="","Blank","OK") -> OK | E27: =IF(B27="", $D$1, B27) -> 33.4
A28: 93729 | B28: 27.6 | C28: =IF(B28="","Blank","OK") -> OK | E28: =IF(B28="", $D$1, B28) -> 27.6
A29: 93730 | B29: 28.6 | C29: =IF(B29="","Blank","OK") -> OK | E29: =IF(B29="", $D$1, B29) -> 28.6
A30: 93731 | B30: 27.6 | C30: =IF(B30="","Blank","OK") -> OK | E30: =IF(B30="", $D$1, B30) -> 27.6
A31: 93732 | B31: 21.3 | C31: =IF(B31="","Blank","OK") -> OK | E31: =IF(B31="", $D$1, B31) -> 21.3
... A45: 93747 | B45: 22.1 | C45: =IF(B45="","Blank","OK") -> OK | E45: =IF(B45="", $D$1, B45) -> 22.1
A46: 93748 | C46: =IF(B46="","Blank","OK") -> Blank | E46: =IF(B46="", $D$1, B46) -> 25.8
A47: 93749 | C47: =IF(B47="","Blank","OK") -> Blank | E47: =IF(B47="", $D$1, B47) -> 25.8
A48: 93751 | B48: 25.2 | C48: =IF(B48="","Blank","OK") -> OK | E48: =IF(B48="", $D$1, B48) -> 25.2
A49: 93752 | B49: 25.5 | C49: =IF(B49="","Blank","OK") -> OK | E49: =IF(B49="", $D$1, B49) -> 25.5
A50: 93753 | B50: 24.6 | C50: =IF(B50="","Blank","OK") -> OK | E50: =IF(B50="", $D$1, B50) -> 24.6
A51: 93754 | B51: 33.4 | C51: =IF(B51="","Blank","OK") -> OK | E51: =IF(B51="", $D$1, B51) -> 33.4
A52: 93755 | B52: 29.4 | C52: =IF(B52="","Blank","OK") -> OK | E52: =IF(B52="", $D$1, B52) -> 29.4
A53: 93756 | B53: 29.2 | C53: =IF(B53="","Blank","OK") -> OK | E53: =IF(B53="", $D$1, B53) -> 29.2
A54: 93757 | B54: 34.9 | C54: =IF(B54="","Blank","OK") -> OK | E54: =IF(B54="", $D$1, B54) -> 34.9
A55: 93758 | B55: 30.8 | C55: =IF(B55="","Blank","OK") -> OK | E55: =IF(B55="", $D$1, B55) -> 30.8
A56: 93759 | B56: 29.1 | C56: =IF(B56="","Blank","OK") -> OK | E56: =IF(B56="", $D$1, B56) -> 29.1
A57: 93760 | B57: 37.7 | C57: =IF(B57="","Blank","OK") -> OK | E57: =IF(B57="", $D$1, B57) -> 37.7
A58: 93761 | B58: 29 | C58: =IF(B58="","Blank","OK") -> OK | E58: =IF(B58="", $D$1, B58) -> 29
A59: 93762 | B59: 27.1 | C59: =IF(B59="","Blank","OK") -> OK | E59: =IF(B59="", $D$1, B59) -> 27.1
A60: 93763 | B60: 25.5 | C60: =IF(B60="","Blank","OK") -> OK | E60: =IF(B60="", $D$1, B60) -> 25.5
A61: 93764 | C61: =IF(B61="","Blank","OK") -> Blank | E61: =IF(B61="", $D$1, B61) -> 25.8
A62: 93765 | B62: 21.9 | C62: =IF(B62="","Blank","OK") -> OK | E62: =IF(B62="", $D$1, B62) -> 21.9
A63: 93766 | B63: 27.1 | C63: =IF(B63="","Blank","OK") -> OK | E63: =IF(B63="", $D$1, B63) -> 27.1
A64: 93767 | B64: 31.9 | C64: =IF(B64="","Blank","OK") -> OK | E64: =IF(B64="", $D$1, B64) -> 31.9
A65: 93768 | B65: 25.7 | C65: =IF(B65="","Blank","OK") -> OK | E65: =IF(B65="", $D$1, B65) -> 25.7
A66: 93769 | B66: 15.1 | C66: =IF(B66="","Blank","OK") -> OK | E66: =IF(B66="", $D$1, B66) -> 15.1
A67: 93770 | B67: 26 | C67: =IF(B67="","Blank","OK") -> OK | E67: =IF(B67="", $D$1, B67) -> 26
A68: 93771 | B68: 14 | C68: =IF(B68="","Blank","OK") -> OK | E68: =IF(B68="", $D$1, B68) -> 14
A69: 93772 | B69: 30.7 | C69: =IF(B69="","Blank","OK") -> OK | E69: =IF(B69="", $D$1, B69) -> 30.7
A70: 93773 | B70: 24.1 | C70: =IF(B70="","Blank","OK") -> OK | E70: =IF(B70="", $D$1, B70) -> 24.1
A71: 93774 | B71: 25.9 | C71: =IF(B71="","Blank","OK") -> OK | E71: =IF(B71="", $D$1, B71) -> 25.9
A72: 93775 | B72: 25.9 | C72: =IF(B72="","Blank","OK") -> OK | E72: =IF(B72="", $D$1, B72) -> 25.9
A73: 93776 | B73: 22.2 | C73: =IF(B73="","Blank","OK") -> OK | E73: =IF(B73="", $D$1, B73) -> 22.2
A74: 93777 | C74: =IF(B74="","Blank","OK") -> Blank | E74: =IF(B74="", $D$1, B74) -> 25.8
A75: 93778 | B75: 27.4 | C75: =IF(B75="","Blank","OK") -> OK | E75: =IF(B75="", $D$1, B75) -> 27.4
A76: 93779 | B76: 16.4 | C76: =IF(B76="","Blank","OK") -> OK | E76: =IF(B76="", $D$1, B76) -> 16.4
A77: 93780 | B77: 33.5 | C77: =IF(B77="","Blank","OK") -> OK | E77: =IF(B77="", $D$1, B77) -> 33.5
A78: 93781 | B78: 25.4 | C78: =IF(B78="","Blank","OK") -> OK | E78: =IF(B78="", $D$1, B78) -> 25.4
A79: 93782 | B79: 24 | C79: =IF(B79="","Blank","OK") -> OK | E79: =IF(B79="", $D$1, B79) -> 24
A80: 93783 | B80: 24.3 | C80: =IF(B80="","Blank","OK") -> OK | E80: =IF(B80="", $D$1, B80) -> 24.3
A81: 93784 | B81: 16.7 | C81: =IF(B81="","Blank","OK") -> OK | E81: =IF(B81="", $D$1, B81) -> 16.7
A82: 93785 | B82: 30.7 | C82: =IF(B82="","Blank","OK") -> OK | E82: =IF(B82="", $D$1, B82) -> 30.7
A83: 93787 | B83: 22.3 | C83: =IF(B83="","Blank","OK") -> OK | E83: =IF(B83="", $D$1, B83) -> 22.3
A84: 93788 | B84: 39.3 | C84: =IF(B84="","Blank","OK") -> OK | E84: =IF(B84="", $D$1, B84) -> 39.3
A85: 93789 | B85: 23.6 | C85: =IF(B85="","Blank","OK") -> OK | E85: =IF(B85="", $D$1, B85) -> 23.6
A86: 93790 | B86: 14.9 | C86: =IF(B86="","Blank","OK") -> OK | E86: =IF(B86="", $D$1, B86) -> 14.9
... A99: 93803 | B99: 20 | C99: =IF(B99="","Blank","OK") -> OK | E99: =IF(B99="", $D$1, B99) -> 20
A100: 93804 | C100: =IF(B100="","Blank","OK") -> Blank | E100: =IF(B100="", $D$1, B100) -> 25.8
A101: 93805 | B101: 33.9 | C101: =IF(B101="","Blank","OK") -> OK | E101: =IF(B101="", $D$1, B101) -> 33.9
A102: 93806 | B102: 28.4 | C102: =IF(B102="","Blank","OK") -> OK | E102: =IF(B102="", $D$1, B102) -> 28.4
A103: 93807 | B103: 41.6 | C103: =IF(B103="","Blank","OK") -> OK | E103: =IF(B103="", $D$1, B103) -> 41.6
A104: 93808 | B104: 28 | C104: =IF(B104="","Blank","OK") -> OK | E104: =IF(B104="", $D$1, B104) -> 28
A105: 93809 | C105: =IF(B105="","Blank","OK") -> Blank | E105: =IF(B105="", $D$1, B105) -> 25.8
A106: 93810 | B106: 29 | C106: =IF(B106="","Blank","OK") -> OK | E106: =IF(B106="", $D$1, B106) -> 29
A107: 93811 | B107: 29.5 | C107: =IF(B107="","Blank","OK") -> OK | E107: =IF(B107="", $D$1, B107) -> 29.5
A108: 93812 | B108: 31.1 | C108: =IF(B108="","Blank","OK") -> OK | E108: =IF(B108="", $D$1, B108) -> 31.1
A109: 93813 | B109: 43.2 | C109: =IF(B109="","Blank","OK") -> OK | E109: =IF(B109="", $D$1, B109) -> 43.2
A110: 93814 | B110: 27.8 | C110: =IF(B110="","Blank","OK") -> OK | E110: =IF(B110="", $D$1, B110) -> 27.8
A111: 93815 | B111: 28 | C111: =IF(B111="","Blank","OK") -> OK | E111: =IF(B111="", $D$1, B111) -> 28
A112: 93816 | C112: =IF(B112="","Blank","OK") -> Blank | E112: =IF(B112="", $D$1, B112) -> 25.8
A113: 93817 | B113: 24.3 | C113: =IF(B113="","Blank","OK") -> OK | E113: =IF(B113="", $D$1, B113) -> 24.3
A114: 93818 | B114: 28.3 | C114: =IF(B114="","Blank","OK") -> OK | E114: =IF(B114="", $D$1, B114) -> 28.3
A115: 93819 | B115: 27.9 | C115: =IF(B115="","Blank","OK") -> OK | E115: =IF(B115="", $D$1, B115) -> 27.9
A116: 93820 | B116: 27.4 | C116: =IF(B116="","Blank","OK") -> OK | E116: =IF(B116="", $D$1, B116) -> 27.4
A117: 93821 | B117: 21.1 | C117: =IF(B117="","Blank","OK") -> OK | E117: =IF(B117="", $D$1, B117) -> 21.1
A118: 93822 | B118: 19.4 | C118: =IF(B118="","Blank","OK") -> OK | E118: =IF(B118="", $D$1, B118) -> 19.4
A119: 93823 | B119: 33.4 | C119: =IF(B119="","Blank","OK") -> OK | E119: =IF(B119="", $D$1, B119) -> 33.4
A120: 93824 | B120: 28.4 | C120: =IF(B120="","Blank","OK") -> OK | E120: =IF(B120="", $D$1, B120) -> 28.4
A121: 93825 | B121: 30.5 | C121: =IF(B121="","Blank","OK") -> OK | E121: =IF(B121="", $D$1, B121) -> 30.5
A122: 93827 | B122: 20 | C122: =IF(B122="","Blank","OK") -> OK | E122: =IF(B122="", $D$1, B122) -> 20
A123: 93828 | B123: 16.6 | C123: =IF(B123="","Blank","OK") -> OK | E123: =IF(B123="", $D$1, B123) -> 16.6
A124: 93829 | B124: 31.7 | C124: =IF(B124="","Blank","OK") -> OK | E124: =IF(B124="", $D$1, B124) -> 31.7
... A147: 93853 | B147: 26 | C147: =IF(B147="","Blank","OK") -> OK | E147: =IF(B147="", $D$1, B147) -> 26
...

Sheet Cholesterol
A1: SEQN | B1: TOTAL_CHOLESTEROL | C1: BLANK_CHECK | D1: =MEDIAN(B:B) -> 176 | E1: CHOLESTERO_CLEANED
A2: 93705 | B2: 157 | C2: =IF(B2="","Blank","OK") -> OK | E2: =IF(B2="", $D$1, B2) -> 157
A3: 93706 | B3: 148 | C3: =IF(B3="","Blank","OK") -> OK | E3: =IF(B3="", $D$1, B3) -> 148
A4: 93707 | B4: 189 | C4: =IF(B4="","Blank","OK") -> OK | E4: =IF(B4="", $D$1, B4) -> 189
A5: 93708 | B5: 209 | C5: =IF(B5="","Blank","OK") -> OK | E5: =IF(B5="", $D$1, B5) -> 209
A6: 93709 | B6: 176 | C6: =IF(B6="","Blank","OK") -> OK | E6: =IF(B6="", $D$1, B6) -> 176
A7: 93711 | B7: 238 | C7: =IF(B7="","Blank","OK") -> OK | E7: =IF(B7="", $D$1, B7) -> 238
A8: 93712 | B8: 182 | C8: =IF(B8="","Blank","OK") -> OK | E8: =IF(B8="", $D$1, B8) -> 182
A9: 93713 | B9: 184 | C9: =IF(B9="","Blank","OK") -> OK | E9: =IF(B9="", $D$1, B9) -> 184
A10: 93714 | B10: 230 | C10: =IF(B10="","Blank","OK") -> OK | E10: =IF(B10="", $D$1, B10) -> 230
A11: 93715 | B11: 180 | C11: =IF(B11="","Blank","OK") -> OK | E11: =IF(B11="", $D$1, B11) -> 180
A12: 93716 | B12: 225 | C12: =IF(B12="","Blank","OK") -> OK | E12: =IF(B12="", $D$1, B12) -> 225
A13: 93717 | B13: 213 | C13: =IF(B13="","Blank","OK") -> OK | E13: =IF(B13="", $D$1, B13) -> 213
... A18: 93723 | B18: 202 | C18: =IF(B18="","Blank","OK") -> OK | E18: =IF(B18="", $D$1, B18) -> 202
A19: 93725 | C19: =IF(B19="","Blank","OK") -> Blank | E19: =IF(B19="", $D$1, B19) -> 176
A20: 93726 | B20: 176 | C20: =IF(B20="","Blank","OK") -> OK | E20: =IF(B20="", $D$1, B20) -> 176
A21: 93727 | B21: 167 | C21: =IF(B21="","Blank","OK") -> OK | E21: =IF(B21="", $D$1, B21) -> 167
A22: 93728 | B22: 143 | C22: =IF(B22="","Blank","OK") -> OK | E22: =IF(B22="", $D$1, B22) -> 143
A23: 93729 | B23: 165 | C23: =IF(B23="","Blank","OK") -> OK | E23: =IF(B23="", $D$1, B23) -> 165
A24: 93730 | B24: 221 | C24: =IF(B24="","Blank","OK") -> OK | E24: =IF(B24="", $D$1, B24) -> 221
A25: 93731 | B25: 153 | C25: =IF(B25="","Blank","OK") -> OK | E25: =IF(B25="", $D$1, B25) -> 153
A26: 93732 | C26: =IF(B26="","Blank","OK") -> Blank | E26: =IF(B26="", $D$1, B26) -> 176
A27: 93733 | B27: 153 | C27: =IF(B27="","Blank","OK") -> OK | E27: =IF(B27="", $D$1, B27) -> 153
A28: 93735 | B28: 121 | C28: =IF(B28="","Blank","OK") -> OK | E28: =IF(B28="", $D$1, B28) -> 121
A29: 93736 | B29: 161 | C29: =IF(B29="","Blank","OK") -> OK | E29: =IF(B29="", $D$1, B29) -> 161
A30: 93737 | B30: 171 | C30: =IF(B30="","Blank","OK") -> OK | E30: =IF(B30="", $D$1, B30) -> 171
A31: 93738 | B31: 146 | C31: =IF(B31="","Blank","OK") -> OK | E31: =IF(B31="", $D$1, B31) -> 146
A32: 93740 | C32: =IF(B32="","Blank","OK") -> Blank | E32: =IF(B32="", $D$1, B32) -> 176
A33: 93741 | B33: 198 | C33: =IF(B33="","Blank","OK") -> OK | E33: =IF(B33="", $D$1, B33) -> 198
A34: 93742 | B34: 160 | C34: =IF(B34="","Blank","OK") -> OK | E34: =IF(B34="", $D$1, B34) -> 160
A35: 93743 | B35: 146 | C35: =IF(B35="","Blank","OK") -> OK | E35: =IF(B35="", $D$1, B35) -> 146
A36: 93744 | B36: 160 | C36: =IF(B36="","Blank","OK") -> OK | E36: =IF(B36="", $D$1, B36) -> 160
A37: 93746 | B37: 175 | C37: =IF(B37="","Blank","OK") -> OK | E37: =IF(B37="", $D$1, B37) -> 175
A38: 93747 | B38: 146 | C38: =IF(B38="","Blank","OK") -> OK | E38: =IF(B38="", $D$1, B38) -> 146
A39: 93751 | B39: 125 | C39: =IF(B39="","Blank","OK") -> OK | E39: =IF(B39="", $D$1, B39) -> 125
A40: 93752 | B40: 262 | C40: =IF(B40="","Blank","OK") -> OK | E40: =IF(B40="", $D$1, B40) -> 262
A41: 93753 | C41: =IF(B41="","Blank","OK") -> Blank | E41: =IF(B41="", $D$1, B41) -> 176
A42: 93754 | B42: 135 | C42: =IF(B42="","Blank","OK") -> OK | E42: =IF(B42="", $D$1, B42) -> 135
A43: 93755 | B43: 182 | C43: =IF(B43="","Blank","OK") -> OK | E43: =IF(B43="", $D$1, B43) -> 182
A44: 93756 | B44: 241 | C44: =IF(B44="","Blank","OK") -> OK | E44: =IF(B44="", $D$1, B44) -> 241
A45: 93757 | B45: 204 | C45: =IF(B45="","Blank","OK") -> OK | E45: =IF(B45="", $D$1, B45) -> 204
A46: 93758 | B46: 446 | C46: =IF(B46="","Blank","OK") -> OK | E46: =IF(B46="", $D$1, B46) -> 446
A47: 93759 | B47: 76 | C47: =IF(B47="","Blank","OK") -> OK | E47: =IF(B47="", $D$1, B47) -> 76
A48: 93760 | B48: 213 | C48: =IF(B48="","Blank","OK") -> OK | E48: =IF(B48="", $D$1, B48) -> 213
A49: 93761 | B49: 195 | C49: =IF(B49="","Blank","OK") -> OK | E49: =IF(B49="", $D$1, B49) -> 195
A50: 93762 | B50: 277 | C50: =IF(B50="","Blank","OK") -> OK | E50: =IF(B50="", $D$1, B50) -> 277
A51: 93763 | B51: 223 | C51: =IF(B51="","Blank","OK") -> OK | E51: =IF(B51="", $D$1, B51) -> 223
A52: 93765 | B52: 135 | C52: =IF(B52="","Blank","OK") -> OK | E52: =IF(B52="", $D$1, B52) -> 135
A53: 93766 | B53: 254 | C53: =IF(B53="","Blank","OK") -> OK | E53: =IF(B53="", $D$1, B53) -> 254
... A62: 93776 | B62: 196 | C62: =IF(B62="","Blank","OK") -> OK | E62: =IF(B62="", $D$1, B62) -> 196
A63: 93777 | C63: =IF(B63="","Blank","OK") -> Blank | E63: =IF(B63="", $D$1, B63) -> 176
A64: 93778 | B64: 164 | C64: =IF(B64="","Blank","OK") -> OK | E64: =IF(B64="", $D$1, B64) -> 164
A65: 93779 | B65: 152 | C65: =IF(B65="","Blank","OK") -> OK | E65: =IF(B65="", $D$1, B65) -> 152
A66: 93780 | B66: 187 | C66: =IF(B66="","Blank","OK") -> OK | E66: =IF(B66="", $D$1, B66) -> 187
A67: 93781 | B67: 172 | C67: =IF(B67="","Blank","OK") -> OK | E67: =IF(B67="", $D$1, B67) -> 172
A68: 93782 | B68: 140 | C68: =IF(B68="","Blank","OK") -> OK | E68: =IF(B68="", $D$1, B68) -> 140
A69: 93783 | B69: 177 | C69: =IF(B69="","Blank","OK") -> OK | E69: =IF(B69="", $D$1, B69) -> 177
A70: 93785 | B70: 184 | C70: =IF(B70="","Blank","OK") -> OK | E70: =IF(B70="", $D$1, B70) -> 184
A71: 93787 | C71: =IF(B71="","Blank","OK") -> Blank | E71: =IF(B71="", $D$1, B71) -> 176
A72: 93788 | B72: 197 | C72: =IF(B72="","Blank","OK") -> OK | E72: =IF(B72="", $D$1, B72) -> 197
A73: 93789 | B73: 186 | C73: =IF(B73="","Blank","OK") -> OK | E73: =IF(B73="", $D$1, B73) -> 186
A74: 93791 | B74: 229 | C74: =IF(B74="","Blank","OK") -> OK | E74: =IF(B74="", $D$1, B74) -> 229
A75: 93792 | C75: =IF(B75="","Blank","OK") -> Blank | E75: =IF(B75="", $D$1, B75) -> 176
A76: 93793 | C76: =IF(B76="","Blank","OK") -> Blank | E76: =IF(B76="", $D$1, B76) -> 176
A77: 93794 | B77: 238 | C77: =IF(B77="","Blank","OK") -> OK | E77: =IF(B77="", $D$1, B77) -> 238
A78: 93795 | B78: 132 | C78: =IF(B78="","Blank","OK") -> OK | E78: =IF(B78="", $D$1, B78) -> 132
A79: 93796 | B79: 193 | C79: =IF(B79="","Blank","OK") -> OK | E79: =IF(B79="", $D$1, B79) -> 193
A80: 93797 | B80: 183 | C80: =IF(B80="","Blank","OK") -> OK | E80: =IF(B80="", $D$1, B80) -> 183
A81: 93798 | B81: 255 | C81: =IF(B81="","Blank","OK") -> OK | E81: =IF(B81="", $D$1, B81) -> 255
A82: 93799 | C82: =IF(B82="","Blank","OK") -> Blank | E82: =IF(B82="", $D$1, B82) -> 176
A83: 93800 | B83: 203 | C83: =IF(B83="","Blank","OK") -> OK | E83: =IF(B83="", $D$1, B83) -> 203
A84: 93801 | B84: 156 | C84: =IF(B84="","Blank","OK") -> OK | E84: =IF(B84="", $D$1, B84) -> 156
A85: 93803 | B85: 130 | C85: =IF(B85="","Blank","OK") -> OK | E85: =IF(B85="", $D$1, B85) -> 130
A86: 93805 | B86: 181 | C86: =IF(B86="","Blank","OK") -> OK | E86: =IF(B86="", $D$1, B86) -> 181
A87: 93806 | B87: 244 | C87: =IF(B87="","Blank","OK") -> OK | E87: =IF(B87="", $D$1, B87) -> 244
A88: 93807 | B88: 173 | C88: =IF(B88="","Blank","OK") -> OK | E88: =IF(B88="", $D$1, B88) -> 173
A89: 93808 | B89: 123 | C89: =IF(B89="","Blank","OK") -> OK | E89: =IF(B89="", $D$1, B89) -> 123
A90: 93810 | B90: 186 | C90: =IF(B90="","Blank","OK") -> OK | E90: =IF(B90="", $D$1, B90) -> 186
A91: 93811 | B91: 174 | C91: =IF(B91="","Blank","OK") -> OK | E91: =IF(B91="", $D$1, B91) -> 174
A92: 93812 | B92: 134 | C92: =IF(B92="","Blank","OK") -> OK | E92: =IF(B92="", $D$1, B92) -> 134
A93: 93813 | B93: 211 | C93: =IF(B93="","Blank","OK") -> OK | E93: =IF(B93="", $D$1, B93) -> 211
A94: 93814 | B94: 133 | C94: =IF(B94="","Blank","OK") -> OK | E94: =IF(B94="", $D$1, B94) -> 133
A95: 93815 | B95: 195 | C95: =IF(B95="","Blank","OK") -> OK | E95: =IF(B95="", $D$1, B95) -> 195
A96: 93816 | C96: =IF(B96="","Blank","OK") -> Blank | E96: =IF(B96="", $D$1, B96) -> 176
A97: 93817 | B97: 145 | C97: =IF(B97="","Blank","OK") -> OK | E97: =IF(B97="", $D$1, B97) -> 145
A98: 93818 | B98: 141 | C98: =IF(B98="","Blank","OK") -> OK | E98: =IF(B98="", $D$1, B98) -> 141
A99: 93819 | B99: 246 | C99: =IF(B99="","Blank","OK") -> OK | E99: =IF(B99="", $D$1, B99) -> 246
A100: 93820 | B100: 177 | C100: =IF(B100="","Blank","OK") -> OK | E100: =IF(B100="", $D$1, B100) -> 177
A101: 93821 | B101: 212 | C101: =IF(B101="","Blank","OK") -> OK | E101: =IF(B101="", $D$1, B101) -> 212
A102: 93822 | B102: 163 | C102: =IF(B102="","Blank","OK") -> OK | E102: =IF(B102="", $D$1, B102) -> 163
A103: 93823 | B103: 234 | C103: =IF(B103="","Blank","OK") -> OK | E103: =IF(B103="", $D$1, B103) -> 234
A104: 93824 | B104: 191 | C104: =IF(B104="","Blank","OK") -> OK | E104: =IF(B104="", $D$1, B104) -> 191
A105: 93825 | B105: 157 | C105: =IF(B105="","Blank","OK") -> OK | E105: =IF(B105="", $D$1, B105) -> 157
A106: 93827 | B106: 255 | C106: =IF(B106="","Blank","OK") -> OK | E106: =IF(B106="", $D$1, B106) -> 255
A107: 93829 | B107: 170 | C107: =IF(B107="","Blank","OK") -> OK | E107: =IF(B107="", $D$1, B107) -> 170
A108: 93830 | B108: 180 | C108: =IF(B108="","Blank","OK") -> OK | E108: =IF(B108="", $D$1, B108) -> 180
... A110: 93832 | B110: 148 | C110: =IF(B110="","Blank","OK") -> OK | E110: =IF(B110="", $D$1, B110) -> 148
A111: 93833 | C111: =IF(B111="","Blank","OK") -> Blank | E111: =IF(B111="", $D$1, B111) -> 176
A112: 93834 | B112: 267 | C112: =IF(B112="","Blank","OK") -> OK | E112: =IF(B112="", $D$1, B112) -> 267
A113: 93836 | C113: =IF(B113="","Blank","OK") -> Blank | E113: =IF(B113="", $D$1, B113) -> 176
...

Sheet Master_data
A1: SEQN | B1: GENDER_LABEL | C1: AGE_CLEANED | D1: BMI_CLEANDED | E1: CHOLESTEROL_CLEANED
A2: 93703 | B2: Female | C2: 2 | D2: =_xlfn.XLOOKUP(A2, BMI!A:A, BMI!E:E, "Missing", 0) -> 17.5 | E2: =_xlfn.XLOOKUP(A2, Cholesterol!A:A, Cholesterol!E:E, "Missing", 0) -> Missing
A3: 93704 | B3: Male | C3: 2 | D3: =_xlfn.XLOOKUP(A3, BMI!A:A, BMI!E:E, "Missing", 0) -> 15.7 | E3: =_xlfn.XLOOKUP(A3, Cholesterol!A:A, Cholesterol!E:E, "Missing", 0) -> Missing
A4: 93705 | B4: Female | C4: 66 | D4: =_xlfn.XLOOKUP(A4, BMI!A:A, BMI!E:E, "Missing", 0) -> 31.7 | E4: =_xlfn.XLOOKUP(A4, Cholesterol!A:A, Cholesterol!E:E, "Missing", 0) -> 157
A5: 93706 | B5: Male | C5: 18 | D5: =_xlfn.XLOOKUP(A5, BMI!A:A, BMI!E:E, "Missing", 0) -> 21.5 | E5: =_xlfn.XLOOKUP(A5, Cholesterol!A:A, Cholesterol!E:E, "Missing", 0) -> 148
A6: 93707 | B6: Male | C6: 13 | D6: =_xlfn.XLOOKUP(A6, BMI!A:A, BMI!E:E, "Missing", 0) -> 18.1 | E6: =_xlfn.XLOOKUP(A6, Cholesterol!A:A, Cholesterol!E:E, "Missing", 0) -> 189
A7: 93708 | B7: Female | C7: 66 | D7: =_xlfn.XLOOKUP(A7, BMI!A:A, BMI!E:E, "Missing", 0) -> 23.7 | E7: =_xlfn.XLOOKUP(A7, Cholesterol!A:A, Cholesterol!E:E, "Missing", 0) -> 209
A8: 93709 | B8: Female | C8: 75 | D8: =_xlfn.XLOOKUP(A8, BMI!A:A, BMI!E:E, "Missing", 0) -> 38.9 | E8: =_xlfn.XLOOKUP(A8, Cholesterol!A:A, Cholesterol!E:E, "Missing", 0) -> 176
A9: 93710 | B9: Female | C9: 31 | D9: =_xlfn.XLOOKUP(A9, BMI!A:A, BMI!E:E, "Missing", 0) -> 25.8 | E9: =_xlfn.XLOOKUP(A9, Cholesterol!A:A, Cholesterol!E:E, "Missing", 0) -> Missing
A10: 93711 | B10: Male | C10: 56 | D10: =_xlfn.XLOOKUP(A10, BMI!A:A, BMI!E:E, "Missing", 0) -> 21.3 | E10: =_xlfn.XLOOKUP(A10, Cholesterol!A:A, Cholesterol!E:E, "Missing", 0) -> 238
A11: 93712 | B11: Male | C11: 18 | D11: =_xlfn.XLOOKUP(A11, BMI!A:A, BMI!E:E, "Missing", 0) -> 19.7 | E11: =_xlfn.XLOOKUP(A11, Cholesterol!A:A, Cholesterol!E:E, "Missing", 0) -> 182
A12: 93713 | B12: Male | C12: 67 | D12: =_xlfn.XLOOKUP(A12, BMI!A:A, BMI!E:E, "Missing", 0) -> 23.5 | E12: =_xlfn.XLOOKUP(A12, Cholesterol!A:A, Cholesterol!E:E, "Missing", 0) -> 184
A13: 93714 | B13: Female | C13: 54 | D13: =_xlfn.XLOOKUP(A13, BMI!A:A, BMI!E:E, "Missing", 0) -> 39.9 | E13: =_xlfn.XLOOKUP(A13, Cholesterol!A:A, Cholesterol!E:E, "Missing", 0) -> 230
... A9255: 102956 | B9255: Male | C9255: 38 | D9255: =_xlfn.XLOOKUP(A9255, BMI!A:A, BMI!E:E, "Missing", 0) -> 36.1 | E9255: =_xlfn.XLOOKUP(A9255, Cholesterol!A:A, Cholesterol!E:E, "Missing", 0) -> 163

Sheet BMI_Analysis
A3: GENDER_LABEL | B3: Average of BMI_CLEANDED
A4: Female | B4: 26.891334
A5: Male | B5: 26.124877
A6: Grand Total | B6: 26.515062

Sheet Detail1
A1: Details for Average of CHOLESTEROL_CLEANED - GENDER_LABEL: Male
A3: SEQN | B3: GENDER_LABEL | C3: AGE_CLEANED | D3: BMI_CLEANDED | E3: CHOLESTEROL_CLEANED
A4: 102956 | B4: Male | C4: 38 | D4: 36.1 | E4: 163
A5: 93704 | B5: Male | C5: 2 | D5: 15.7 | E5: Missing
A6: 102953 | B6: Male | C6: 42 | D6: 35.8 | E6: 182
A7: 93706 | B7: Male | C7: 18 | D7: 21.5 | E7: 148
A8: 93707 | B8: Male | C8: 13 | D8: 18.1 | E8: 189
A9: 102951 | B9: Male | C9: 4 | D9: 20.1 | E9: Missing
A10: 102950 | B10: Male | C10: 64 | D10: Missing | E10: Missing
A11: 102949 | B11: Male | C11: 33 | D11: 23.7 | E11: 201
A12: 93711 | B12: Male | C12: 56 | D12: 21.3 | E12: 238
A13: 93712 | B13: Male | C13: 18 | D13: 19.7 | E13: 182
A14: 93713 | B14: Male | C14: 67 | D14: 23.5 | E14: 184
A15: 102947 | B15: Male | C15: 75 | D15: 25.2 | E15: 143
A16: 93715 | B16: Male | C16: 71 | D16: 22.5 | E16: 180
A17: 93716 | B17: Male | C17: 61 | D17: 30.7 | E17: 225
A18: 93717 | B18: Male | C18: 22 | D18: 24.5 | E18: 213
A19: 93718 | B19: Male | C19: 45 | D19: 22 | E19: 152
A20: 102946 | B20: Male | C20: 65 | D20: 30.4 | E20: 214
A21: 102945 | B21: Male | C21: 15 | D21: 22.1 | E21: 116
A22: 102944 | B22: Male | C22: 55 | D22: 29.6 | E22: 214
A23: 102936 | B23: Male | C23: 1 | D23: 25.8 | E23: Missing
A24: 93723 | B24: Male | C24: 64 | D24: 22.4 | E24: 202
A25: 102934 | B25: Male | C25: 48 | D25: 26.3 | E25: 180
A26: 102929 | B26: Male | C26: 60 | D26: 34.8 | E26: 192
A27: 102928 | B27: Male | C27: 31 | D27: Missing | E27: Missing
A28: 93727 | B28: Male | C28: 70 | D28: 23.9 | E28: 167
A29: 93728 | B29: Male | C29: 53 | D29: 33.4 | E29: 143
A30: 93729 | B30: Male | C30: 42 | D30: 27.6 | E30: 165
A31: 93730 | B31: Male | C31: 57 | D31: 28.6 | E31: 221
A32: 93731 | B32: Male | C32: 20 | D32: 27.6 | E32: 153
A33: 93732 | B33: Male | C33: 72 | D33: 21.3 | E33: 176
A34: 102927 | B34: Male | C34: 31 | D34: 25.8 | E34: Missing
A35: 93734 | B35: Male | C35: 13 | D35: Missing | E35: Missing
A36: 93735 | B36: Male | C36: 52 | D36: 35.1 | E36: 121
A37: 93736 | B37: Male | C37: 11 | D37: 17.9 | E37: 161
A38: 93737 | B38: Male | C38: 8 | D38: 18.5 | E38: 171
A39: 93738 | B39: Male | C39: 26 | D39: 33.7 | E39: 146
A40: 102925 | B40: Male | C40: 3 | D40: 15.7 | E40: Missing
A41: 93740 | B41: Male | C41: 72 | D41: 30.6 | E41: 176
A42: 102922 | B42: Male | C42: 31 | D42: 20.8 | E42: 176
A43: 93742 | B43: Male | C43: 72 | D43: 33.9 | E43: 160
A44: 93743 | B44: Male | C44: 61 | D44: 22.5 | E44: 146
A45: 102921 | B45: Male | C45: 53 | D45: 30.6 | E45: 144
A46: 93745 | B46: Male | C46: 5 | D46: 14.6 | E46: Missing
A47: 102919 | B47: Male | C47: 31 | D47: 25.8 | E47: Missing
A48: 102918 | B48: Male | C48: 33 | D48: 22.4 | E48: 147
A49: 93748 | B49: Male | C49: 31 | D49: 25.8 | E49: Missing
A50: 102916 | B50: Male | C50: 66 | D50: 27.8 | E50: 140
A51: 102910 | B51: Male | C51: 71 | D51: 30.7 | E51: 176
A52: 102909 | B52: Male | C52: 12 | D52: 15 | E52: 173
A53: 102908 | B53: Male | C53: 51 | D53: 24.7 | E53: 205
A54: 102906 | B54: Male | C54: 9 | D54: 17.4 | E54: 147
A55: 93754 | B55: Male | C55: 72 | D55: 33.4 | E55: 135
A56: 102902 | B56: Male | C56: 1 | D56: Missing | E56: Missing
A57: 102901 | B57: Male | C57: 66 | D57: 36.5 | E57: 284
A58: 93757 | B58: Male | C58: 63 | D58: 34.9 | E58: 204
A59: 102900 | B59: Male | C59: 6 | D59: 16.3 | E59: 152
A60: 93759 | B60: Male | C60: 60 | D60: 29.1 | E60: 76
A61: 102898 | B61: Male | C61: 10 | D61: 15.5 | E61: 153
A62: 93761 | B62: Male | C62: 44 | D62: 29 | E62: 195
A63: 102897 | B63: Male | C63: 1 | D63: 25.8 | E63: Missing
A64: 93763 | B64: Male | C64: 40 | D64: 25.5 | E64: 223
A65: 102896 | B65: Male | C65: 3 | D65: 16.6 | E65: Missing
A66: 93765 | B66: Male | C66: 19 | D66: 21.9 | E66: 135
A67: 102895 | B67: Male | C67: 43 | D67: 35.6 | E67: 167
A68: 93767 | B68: Male | C68: 61 | D68: 31.9 | E68: 191
A69: 93768 | B69: Male | C69: 80 | D69: 25.7 | E69: 157
A70: 93769 | B70: Male | C70: 6 | D70: 15.1 | E70: 181
A71: 93770 | B71: Male | C71: 55 | D71: 26 | E71: 150
A72: 93771 | B72: Male | C72: 3 | D72: 14 | E72: Missing
A73: 102894 | B73: Male | C73: 26 | D73: 25.6 | E73: 138
A74: 93773 | B74: Male | C74: 69 | D74: 24.1 | E74: 146
A75: 102891 | B75: Male | C75: 9 | D75: 19.5 | E75: 180
A76: 102890 | B76: Male | C76: 80 | D76: 28.1 | E76: 118
A77: 102889 | B77: Male | C77: 47 | D77: 31.6 | E77: 172
A78: 102888 | B78: Male | C78: 5 | D78: Missing | E78: Missing
A79: 102884 | B79: Male | C79: 32 | D79: 31.7 | E79: 254
A80: 102883 | B80: Male | C80: 80 | D80: 30.4 | E80: 152
A81: 102882 | B81: Male | C81: 8 | D81: 18.1 | E81: 176
A82: 93781 | B82: Male | C82: 32 | D82: 25.4 | E82: 172
A83: 102881 | B83: Male | C83: 4 | D83: 15.5 | E83: Missing
A84: 102879 | B84: Male | C84: 21 | D84: 42.5 | E84: 138
A85: 102878 | B85: Male | C85: 61 | D85: 34.8 | E85: 101
A86: 102876 | B86: Male | C86: 65 | D86: 27.4 | E86: 174
A87: 93786 | B87: Male | C87: 31 | D87: Missing | E87: Missing
A88: 102875 | B88: Male | C88: 61 | D88: 25.6 | E88: 238
A89: 102874 | B89: Male | C89: 3 | D89: Missing | E89: Missing
A90: 102873 | B90: Male | C90: 66 | D90: 39 | E90: 148
A91: 102869 | B91: Male | C91: 67 | D91: 48.8 | E91: 183
A92: 93791 | B92: Male | C92: 20 | D92: 36.9 | E92: 229
A93: 102867 | B93: Male | C93: 17 | D93: 19.3 | E93: 158
A94: 93793 | B94: Male | C94: 12 | D94: 28.6 | E94: 176
A95: 102864 | B95: Male | C95: 8 | D95: 25.8 | E95: 161
A96: 93795 | B96: Male | C96: 64 | D96: 15.7 | E96: 132
A97: 93796 | B97: Male | C97: 71 | D97: 31.2 | E97: 193
A98: 102860 | B98: Male | C98: 63 | D98: 25.9 | E98: 187
A99: 102858 | B99: Male | C99: 36 | D99: 34.2 | E99: 216
A100: 93799 | B100: Male | C100: 41 | D100: 22.8 | E100: 176
A101: 102856 | B101: Male | C101: 80 | D101: 19.7 | E101: 190
...

Sheet Cholesterol_Analysis
A3: GENDER_LABEL | B3: Average of CHOLESTEROL_CLEANED
A4: Female | B4: 182.30656
A5: Male | B5: 176.61076
A6: Grand Total | B6: 179.52952

Sheet Combined_Analysis
A3: GENDER_LABEL | B3: Average of BMI_CLEANDED | C3: Average of CHOLESTEROL_CLEANED
A4: Female | B4: 26.891334 | C4: 182.30656
A5: Male | B5: 26.124877 | C5: 176.61076
A6: Grand Total | B6: 26.515062 | C6: 179.52952

Sheet Dashboard
K9: GENDER_LABEL | L9: Average of BMI_CLEANDED | M9: Average of CHOLESTEROL_CLEANED
K10: Female | L10: 26.891334 | M10: 182.30656
K11: Male | L11: 26.124877 | M11: 176.61076
K12: Grand Total | L12: 26.515062 | M12: 179.52952
